Brand,Name,Price,Barcode,Images
Aquavia,Aquavia  Natural Mineral Water 500 Ml,  5.25 ,5948935005972,https://imgur.com/gov6IGv
Pan Ducale,Pan Ducale Hazelnut And Chocolate Biscuits 180grams,  18.38 ,069145102048,https://imgur.com/9byL6Wx
Pan Ducale,Pan Ducale Red Fruits And Oat Bran Biscuits 180grams,  18.38 ,069145102062,https://imgur.com/CW4jGuD
Pan Ducale,"Pan Ducale Cantuccini Biscuits With Almonds, Organic 200grams",  22.58 ,069145602500,https://imgur.com/l6F54Yg
Pan Ducale,"Pan Ducale Cantuccini Biscuits With Chocolate, Organic 200grams",  22.58 ,069145612004,https://imgur.com/zGpqO9m
Cuetara,Cuetara Digesta Light - Digestive 0% 400 grams,  12.60 ,8434165437326,https://imgur.com/UZ0OZjV
Cuetara,Cuetara Digesta Light - Marie Cookie 0% 200 grams,  7.35 ,8434165437418,https://imgur.com/WvIqsaB
Cuetara,Cuetara Digesta Light - Mini Cookies 0% 120 grams,  8.93 ,8434165437425,https://imgur.com/7hOlIS1
Cuetara,Cuetara Choco Flakes 350 grams,  13.65 ,8434165437579,https://imgur.com/ut076IF
Cuetara,Cuetara Digesta Home Made Style 0% 150 gramsm,  7.35 ,8434165453715,https://imgur.com/8ZRXEXj
Dorreen Saffron,Dorreen Premium Saffron 2 grams,  49.35 ,627843987031,https://imgur.com/tr4bg9I
Dorreen Saffron,Dorreen Organic Saffron  1 grams,  36.75 ,627843987062,https://imgur.com/devH8SR
Dorreen Saffron,Dorreen Organic Saffron 2 grams,  66.15 ,627843987079,https://imgur.com/7TfJgyi
Emco,Emco Crunchy Musli With Honey And Nuts 375 grams,  14.70 ,8595229908333,https://imgur.com/Cx8URZA
Emco,Emco Crunchy Musli With Blueberries And Raspberries 375 grams,  14.70 ,8594017142515,https://imgur.com/zYPKR6J
Emco,Emco Crunchy MÃ¼sli With Chocolate And Hazelnuts 375 grams,  14.70 ,8594017141945,https://imgur.com/H3OVRiO
Emco,Emco Crunchy Musli With Fruit Pieces 375 grams,  14.70 ,8594017140573,https://imgur.com/wrqsyDz
Emco,Emco Crunchy Musli With Strawberries And Almonds 375 grams,  14.70 ,8594017140580,https://imgur.com/yDjOFoL
Emco,Emco Gluten Free Granola With Chocolate And Almonds 340 grams,  24.15 ,8595229909224,https://imgur.com/5j555xk
Emco,Emco Gluten Free Granola With Strawberries And Almonds 340 grams,  24.15 ,8595229909248,https://imgur.com/4Kgt4MN
Emco,Emco Gluten Free Granola With Honey And Nuts 340 grams,  24.15 ,8595229909286,https://imgur.com/OcAihHY
Patience ,"Patience Organic Whole & Juicy Dried Cranberries, Sweetened With Apple Juice 133 grams",  19.95 ,662166551446,https://imgur.com/85o77VT
Patience ,"Patience Organic Dried Cranberry, Gently Sweetend 283 grams",  28.09 ,662166551668,https://imgur.com/GYTZHcH
Patience ,"Patience Oganic Dried Whole & Soft Cranberries, Wild Blueberries, Goldenberries & Tart Cherries, Gently Sweetened 196 grams",  33.08 ,662166551880,https://imgur.com/7dUrBaP
Made Good,Made Good Chocolate Chip Mini Pouch 100 grams,  22.84 ,687456224152,https://imgur.com/5yRvqyt
Georgia's Natural,Georgia's Natural Pomegranate Juice 300Ml ,  10.24 ,4860112620048,https://imgur.com/JX3MJSv
Georgia's Natural,Georgia's Natural Essential Green Juice 750Ml ,  20.48 ,4860112620246,https://imgur.com/8d8On4R
Georgia's Natural,Georgia's Natural Essential Green Juice 300Ml ,  10.24 ,4860112620253,https://imgur.com/4NPWh3e
Georgia's Natural,Georgia's Natural Essential Yellow Juice 300Ml ,  10.24 ,4860112620291,https://imgur.com/Fox9Eud
Georgia's Natural,Georgia's Natural Essential Red Juice 300Ml ,  10.24 ,4860112620321,https://imgur.com/b4oUkZL
Georgia's Natural,Georgia's Natural Essential Pink Juice 300Ml ,  10.24 ,4860112620352,https://imgur.com/A2DusHQ
Georgia's Natural,Georgia'S Natural Essential Roots Juice 300Ml ,  10.24 ,4860112620376,https://imgur.com/dVK7rMb
Georgia's Natural,Georgia's Natural Pomegranate Juice 1000Ml ,  29.40 ,4860112620406,https://imgur.com/XOojEcv
Georgia's Natural,Georgia's Natural Beetroot Juice 300Ml ,  10.24 ,4860112620543,https://imgur.com/zIue4LX
Georgia's Natural,Georgia's Natural Essential Roots Juice 750Ml ,  21.00 ,4860112620772,https://imgur.com/kOypqeY
Georgia's Natural,Georgia's Natural Beetroot Juice 1000Ml ,  25.20 ,4860112620833,https://imgur.com/Y2IghM0
Georgia's Natural,Georgia's Natural Veggie Berry 300Ml ,  10.24 ,4860112620949,https://imgur.com/P1stFk4
Georgia's Natural,Georgia's Natural Veggie Berry 750Ml ,  21.00 ,4860009018927,https://imgur.com/bChWCN4
Good To Go,Good To Go Soft Backed Vanilla Almond Keto Bar 40 grams x 9,  103.95 ,687456111407,https://imgur.com/yhKHIvU
Good To Go,Good To Go Soft Backed Raspberry Lemon Keto Bar 40 grams x 9,  103.95 ,687456111421,https://imgur.com/AS4OjBq
Good To Go,Good To Go Soft Backed Cinnamon Pecan Keto Bar 40 grams x 9,  103.95 ,687456111438,https://imgur.com/z5PZGf4
Good To Go,Good To Go Soft Backed Double Chocolate Keto Bar 40 grams x 9,  103.95 ,687456113784,https://imgur.com/OE0jaqk
Eden Organic,"Eden Foods Aduki Beans, Organic 425g",  11.03 ,024182002522,https://imgur.com/rHHzaHD
Eden Organic,"Eden Foods Lentils W/Onion & Bay Leaf, Organic 425g",  11.55 ,024182002867,https://imgur.com/SsoWBEw
Jotis,Jotis Sweet & Balance Fruit Jelly Strawberry Flavor ,  7.61 ,5201002068035,https://imgur.com/ekYMk1R
Mantova,Mantova Organic Extra Virgin Olive Oil Spray 200 Ml,  23.10 ,8006830990162,https://imgur.com/JdrJj4E
Mantova,Mantova Turmeric With Extra Virgin Olive Oil Curcuma Spray 200Ml,  21.00 ,8006830990919,https://imgur.com/AbKatOO
Mantova,Mantova Organic Flaxeed Oil Spray 200Ml,  19.95 ,8006830981511,https://imgur.com/FFUxTfn
Mantova,Mantova Organic Extra Virgin Olive Oil Spray With Garlic 200Ml,  23.10 ,8006830994269,https://imgur.com/qKwkQyM
Mantova,Mantova 100% Pure Avocado Oil Spray 200 Ml,  24.15 ,8006830995068,https://imgur.com/AbKatOO
Mantova,Mantova 100% Pure Grapeseed Oil Spray 200 Ml,  20.48 ,8006830995266,https://imgur.com/1f2nmji
Mantova,Mantova Fratelli Natural Flavour Butter 200 Ml,  17.33 ,8006830995365,https://imgur.com/rFzYfRn
Mantova,Mantova Ghee Butter Spray Gmo Free-200Ml,  23.10 ,8006830996065,https://imgur.com/Y7vroAc
Dynamic Health,Dynamic Health Apple Cider Vinegar With Mother & Honey 32 Fl Oz.,  31.50 ,790223391428,https://imgur.com/5RZVc6X
Dynamic Health,Dynamic Health Raw Coconut Vinegar Certified Organic 16 Fl Oz.,  36.75 ,790223253399,https://imgur.com/aXyHH3T
Mestemacher,Mestemacher Protien Bread 250 grams,  12.34 ,4000446011376,https://imgur.com/3duneou
Mestemacher,Mestemacher Organic Whole Rye Bread 500 grams,  12.34 ,084213006622,https://imgur.com/taooHCb
Mestemacher,Mestemacher Organic Flaxseed Bread 500 grams,  12.34 ,084213006653,https://imgur.com/2gFQihr
Mestemacher,Mestemacher Protien Toast Bread 260 grams,  12.34 ,4000446016791,https://imgur.com/YLxXehs
Now Foods,Now Nighttime Tea 24 Tea Bags,  36.00 ,733739042316,https://imgur.com/q7Jb44y
Now Foods,Now Ginger Mint Comfort Tea 24 Tea Bags,  36.00 ,733739042354,https://imgur.com/4boh6MD
Now Foods,"Now Senna Tea, Organic 24 Tea Bags",  36.00 ,733739042361,https://imgur.com/hE0qluG
Now Foods,Now Long Grain Brown Rice 2  Lbs.,  17.08 ,733739113924,https://imgur.com/n91GgFN
Now Foods,Now Betterstevia 100 Packets,  59.00 ,733739069573,https://imgur.com/TNLwl8z
21st Century,21st Century Slimming Cranraspberry Tea 24 Tea Bags,  29.00 ,740985223529,https://imgur.com/A2wt0DR
21st Century,21st Century Slimming Honeylemon Tea 24 Tea Bags,  29.00 ,740985223611,https://imgur.com/iN93JlG
21st Century,21st Century Slimming Natural Tea 24 Tea Bags,  29.00 ,740985223994,https://imgur.com/8KaNx4o
21st Century,21st Century Slimming Orange Tea 24 Tea Bags,  29.00 ,740985224052,https://imgur.com/TIEUQtn
21st Century,21st Century Slimming Peppermint Tea 24 Tea Bags,  29.00 ,740985226919,https://imgur.com/Jbj7sZE
21st Century,21st Century Slimming Peach-Apricot Tea 24 Tea Bags,  29.00 ,740985226926,https://imgur.com/KOYJxwB
21st Century,21st Century Slimming Green Tea 24 Tea Bags,  29.00 ,740985227909,https://imgur.com/kv2QhfS
21st Century,21st Century Slimming Lemon-Lime Tea 24 Tea Bags,  29.00 ,740985227916,https://imgur.com/4TKBbk1
O.A Foods,"O.A. Foods O.A Quinoa - Premium White, Organic 340",  26.25 ,855694004007,https://imgur.com/9hDUlFj
O.A Foods,"O.A. Foods O.A Quinoa - Premium Red, Organic 340 grams",  29.93 ,855694004014,https://imgur.com/xAkhEEG
O.A Foods,"O.A. Foods O.A Quinoa - Mixed Quinoa, Organic 340 grams",  29.93 ,855694004045,https://imgur.com/iREIetN
O.A Foods,O.A. Foods O.A Chia Premium 340 grams,  29.40 ,855694004120,https://imgur.com/giQCQIL
O.A Foods,"O.A. Foods O.A Quinoa - Premium White, Organic 909 grams",  51.45 ,855694004175,https://imgur.com/g0tzVEJ
O.A Foods,O.A. Foods Quinoa Flakes - Banana 340,  23.10 ,855694004229,https://imgur.com/JNEqKHK
O.A Foods,O.A. Foods Quinoa Flakes - Strawberry 340,  25.20 ,855694004236,https://imgur.com/Ej1umV9
Safe Catch,Safe Catch Elite Wild Tuna 142 grams,  14.70 ,040232208546,https://imgur.com/eVEcDjH
Safe Catch,Safe Catch Wild Ahi Tuna 142 grams,  17.85 ,859480006404,https://imgur.com/uepFRsN
Jasberry,Jasberry Organic Rice 500 grams,  20.74 ,8858958092040,https://imgur.com/rpqgXx0
Jasberry,Jasberry Organic Rice Mix 500 grams,  18.38 ,8858958092071,https://imgur.com/RaFxtf7
Sekem,Sekem Organic Green Tea With Mint 25 Envelopes,  15.75 ,6223000477540,https://imgur.com/WJnZmvZ
Sekem,Sekem Organic Ginger With Cinnamon Tea 25 Envelopes,  15.75 ,6223000477526,https://imgur.com/aoycEnV
Sekem,Sekem Organic Tilia Tea 25 Envelopes,  15.75 ,6223000477595,https://imgur.com/1YZXQ7B
Sekem,Sekem Organic Chamomile Tea 25 Envelopes,  15.75 ,6223000477502,https://imgur.com/blFbN4I
Sekem,Sekem Organic Peppermint Tea 25 Envelopes,  15.75 ,6223000477588,https://imgur.com/zOzhJcJ
Sekem,Sekem Organic Hibiscus Tea 25 Envelopes,  15.75 ,6223000477571,https://imgur.com/viTXutJ
Sekem,Sekem Organic Cinnamon Tea 25 Envelopes,  15.75 ,6223000477533,https://imgur.com/11AG9M3
Sekem,Sekem Organic Green Tea 25 Envelopes,  15.75 ,6223000477557,https://imgur.com/fXCmE1F